Number,Player Nickname
1,A10N3 B0Y
2,A1pha
3,ABM
4,ADDICT
5,ADK
6,ADRON
7,AE
8,AEROj
9,AGB
10,AGL
11,AJ
12,AJ2k
13,ALENNNCAR
14,ALLE
15,AMC
16,AMSALEM
17,ANASTAZE
18,ANISIA
19,ANSG1
20,ANTIVIRUS
21,ANa
22,ANeraX
23,ARIANARCHIST
24,ARSPOWER
25,ARTeMis
26,ASTR
27,ASTRA
28,ATAQUESTION
29,AVA174
30,AW
31,AZIDOT
32,AZR
33,AZUWU
34,Aapestt
35,Aaron
36,Abyss
37,AccuracyTG
38,Aceari
39,AcilioN
40,AdamJC
41,Adams0n
42,AdrieN
43,Adrii53
44,Aerial
45,Ag1l
46,Ag3NtK
47,Aida
48,Aidy
49,Ail
50,Airax
51,AiyvaN
52,Aldikon
53,AlekS
54,Aleksib
55,AliBond
56,Aliot
57,Alisson
58,Altekz
59,Alv
60,Alxc
61,Amastrine
62,Amdal
63,Anasasis
64,Ancient
65,Andrea
66,Andree
67,Andrew
68,Ang3l10wOw
69,Angelka
70,Anlelele
71,Ann4
72,Annihilation
73,Antuanette
74,AntyVirus
75,ApeX
76,AquaRS
77,Ar1s
78,Arcay
79,Archer
80,ArcherAce
81,Arkynha
82,ArroW
83,ArtFr0st
84,Askan
85,AtomiK
86,Attacker
87,AuhnaNaki
88,Aunkere
89,Aureo
90,Aurora
91,AuroraVeee
92,Austin
93,Aut0mat1on
94,AverOna
95,Avou
96,AwaykeN
97,Ax1Le
98,AxEcHo
99,Axed
100,Axelen
101,Axessor
102,AyeZs
103,Ayli
104,Ayteel
105,Azysw
106,B-rand0m
107,B1NGO
108,BAGEL
109,BALEROSTYLE
110,BELCHONOKK
111,BENJYMIN
112,BERRY
113,BK1
114,BORO
115,BOROS
116,BRACE
117,BRK
118,BRNZ1K
119,BROJVHS
120,BTN
121,BZA
122,BaGyZ
123,BaN4na
124,Babs
125,BabyRage
126,Bakorino
127,Bambosh
128,Ban4ik007
129,Banjo
130,Bankey21
131,Bart4k
132,BeaKie
133,BeanieHut
134,Beast
135,Beastman
136,Beccie
137,Begyzine
138,BehinDx
139,BeiranZz
140,Benzene
141,Berzius
142,BestronG
143,Bhavi
144,BiBiAhn
145,BiNoX
146,BiS
147,Bibu
148,BigIron
149,Bigun007
150,Bin
151,Biuckmt
152,Bizarre666
153,BlacKi
154,Blacc
155,BledarD
156,Blessed
157,Blick
158,Blitz1230
159,Blogg1s
160,Bloody
161,BloodyK
162,BluePho3nix
163,Blytz
164,BnTeT
165,Bones
166,BoomJIU
167,Boombl4
168,BoonRywin
169,Borsty
170,Botman
171,Botpa1
172,Bouchard
173,Boye
174,Br4tkO
175,Brain
176,Brashi
177,Brave
178,Braz
179,Brehze
180,Brendinha
181,Brens
182,Brh2203
183,Brilliance
184,Brillo
185,Brollan
186,Brooxsy
187,Bruninho
188,Brylu
189,BuNTz
190,Bukhavez
191,BulleT
192,Bungee
193,BunnyAzul
194,Burmylov
195,Buster
196,Buzz
197,Bwills
198,Byfield
199,Bymas
200,Bååten
201,BøghmagiC
202,C0FFE3
203,C2
204,C4LLM3SU3
205,C4rlito
206,CAJUN
207,CC3ptic
208,CHANKY
209,CHEHOL
210,CLASIA
211,COCOWINS
212,COOOOOOFFEE
213,CRUC1AL
214,CRYTICAL
215,CSO
216,CX
217,CYPHER
218,CaPiM
219,Cabbi
220,CacaNito
221,Cacao
222,CagXD
223,Caleyy
224,Calix
225,Calyx
226,Cara de Banana
227,Carnage
228,Carta
229,Cate
230,CatyJones
231,CeRq
232,Celia
233,Cellax
234,CendiarY
235,Ceruttera
236,Ch1oe
237,ChAmP
238,Cham
239,Champ
240,Cher1on
241,ChildKing
242,Chill
243,Chinits
244,ChipaaN
245,Chowdzz
246,Chr1zN
247,Chrysus
248,Chucky
249,Ciocardau
250,Cizzx
251,Cjoffo
252,Ckanic
253,Cl34v3rs
254,Cliqq
255,Cloudy
256,CoJoMo
257,Coffee
258,Consp1racy
259,CoolComs
260,Cooper
261,CooperTrooper
262,Cozen
263,Cr1a
264,Cr4zyCake
265,Crackbaby
266,Crazy_Gamer
267,CrePoW
268,Crisp
269,Crunchy
270,Cryptic
271,Cuba
272,CutzMeretz
273,CxX
274,Cxzi
275,CycloneF
276,Cyrix
277,Czerbiii
278,CziTeX
279,D0cC
280,D1sastrouS
281,D7
282,DALIEN
283,DANVIET
284,DANZ
285,DAVEN
286,DD
287,DDias
288,DEFAULTER
289,DEPRESHN
290,DGL
291,DJF
292,DOPWEEK
293,DSSj
294,DYLAN
295,DYNAMITE
296,Dabbehhh
297,DacS
298,DaciaBlue3
299,Dafra1D
300,Daker
301,Damkilde
302,Dan7
303,Danejoris
304,DangerCat
305,Dani
306,DanielS
307,DannyG
308,Dant1k
309,Dante
310,Darendeli
311,DarkHorse
312,Dave
313,Dawy
314,DayMake
315,DeDe
316,DeFFeN
317,DeXter
318,Defro
319,DemQQ
320,Dementor
321,Demho
322,Demonos
323,Dengzoe
324,Destro
325,Dexter
326,Deylary
327,DiceDealer
328,Dili
329,DimSuM
330,Dimaoneshot
331,Dimasito
332,Dimitryyyyy
333,Dirty
334,Dis1
335,Diviiii
336,Djoko
337,Djon8
338,Dmitry Lixxx
339,Dodge
340,DooM
341,Doomer
342,Dork
343,Doru
344,Dragon
345,DragonFX
346,DrammaGod
347,DreaM
348,Drew
349,Drext
350,Drop
351,DropShot
352,Drox
353,Ducky
354,Due1yant
355,Dulgun
356,Duplicate
357,Dutchy
358,Dvn
359,Dy4ka
360,Dynasty
361,Dytor
362,ELFMELK
363,EMSTAR
364,EMUHLEET
365,END
366,ERSIN
367,Echko
368,EddezeNNN
369,Efire
370,Egelund
371,Ejram
372,Ekuz
373,El1an
374,ElayDzha
375,Eleven
376,EliGE
377,Elizabeth
378,Ellie
379,Ellis
380,Elxhin
381,EmbeR
382,Emerald
383,EmiliaQAQ
384,Emmsan
385,Empera
386,Emy
387,Enzo
388,Equip
389,Erye
390,Esa
391,EspiranTo
392,Estate
393,Estelle
394,Evan
395,Ex3rcice
396,ExeL
397,Executor
398,Experative
399,Extinct
400,Ezetapsss
401,F0R3VER
402,F1KU
403,F4QQ
404,FAME
405,FASHR
406,FAZERY
407,FAZZ
408,FIEND
409,FIOURN
410,FL1T
411,FL4MUS
412,FLVSH
413,FRIZZY
414,FROZ3N
415,FaNg
416,Fabbelit0
417,Fadey
418,Fajr
419,Falcon
420,Falez
421,FalleN
422,Falling
423,FamouZ
424,FasteR
425,Fawx
426,FenomeN
427,Fernantouile
428,Fessor
429,Few
430,Fidi
431,FincHY
432,FinigaN
433,Finui
434,Fizzy
435,Flash_1
436,Flicky
437,Flierax
438,Floki
439,Flossie
440,FlyNN
441,FoG
442,FolMing
443,Folke
444,Forester
445,Forleks
446,FpSSS
447,Fr3nk1e
448,FraGuTy
449,Fraaank
450,Frazehh
451,Freaky
452,Freday
453,FreeZe
454,Freeman
455,Freesies
456,FrekaFiskeNN
457,Fries
458,Frip
459,Frontsiderr
460,Frost
461,Frosty
462,Fruitcupx
463,Frøslev
464,Fugor
465,Furlan
466,Futrzak
467,FuuuZion
468,Fuzenko
469,FxRE
470,Fygod
471,GA1De
472,GAME
473,GEOHYPE
474,GHOST
475,GOYO007
476,GREATEST
477,GRIMOIRE
478,GYZER
479,GaBi
480,Gabe
481,Gabie
482,Galy
483,Ganginho
484,Gaz
485,GeT_RiGhT
486,Geneka
487,Geniuss
488,GenshIn
489,Geq1an
490,Get_Jeka
491,Ghost217
492,GibbyATL
493,Gina
494,Girafffe
495,Gizmy
496,Glymir
497,Gnøffe
498,Go0dby3
499,Golden
500,Goody
501,Goofy
502,GooseBreeder
503,Gopster
504,Gospadarov
505,Graceyy
506,Grashog
507,Grave
508,Graviti
509,Grief
510,Griffin
511,Griller
512,Grim
513,Grizz
514,Grumick
515,Grus
516,GuardiaN
517,Gurtzz
518,Gy
519,H0NeST
520,H4SAN4TOR
521,H4rder
522,HAMBOOGA
523,HEAP
524,HEN1
525,HENU
526,HObbit
527,HS
528,HSB
529,HUASOPEEK
530,HUGH
531,HYPERI1
532,HZI
533,HaZ
534,Hack1ng
535,Hagmeister
536,Halen
537,Hanka
538,Happyy
539,Harley
540,Haski4
541,Hassie
542,Hazel
543,Headshotspecial
544,HeavyGod
545,Heke
546,HenX
547,HexT
548,Hezz
549,Hiden
550,Hikomi
551,HippoV
552,Hiro
553,Hkta
554,HoLLy
555,Hollo
556,HooXi
557,HopeDaBeast
558,HorizoN
559,HugoXD
560,Hunten
561,ICY
562,ILYV1CH
563,INS
564,IPA
565,ISSAA
566,IZR
567,Icarus
568,IceBerg
569,Ichika
570,Igorek
571,ImpressioN
572,Infinite
573,Inzane
574,Iron
575,IsaKrilds
576,Ismo
577,Izik
578,J0LZ
579,J3nsyy
580,JACKZ
581,JAUSTERE
582,JBOEN
583,JBa
584,JDC
585,JDubs
586,JIaYm
587,JLK
588,JOTA
589,JT
590,JUST
591,JW
592,Jachro
593,Jackinho
594,Jaex-
595,Jakras
596,JamYoung
597,Jame
598,Jammie
599,Jardani
600,JayTheRed
601,Jaytzy
602,Jayy2s
603,Jazzyk1ns
604,Jbreezy
605,Jee
606,Jeebs
607,Jelly
608,Jelo
609,JennyR
610,Jeorge
611,Jerry
612,Jersey
613,Jester
614,Jesus
615,Jez
616,Jhones Macarones
617,Jiace
618,Jibe
619,Jiga
620,Jimmbo
621,Jimpphat
622,Jinxx
623,JoJo
624,Joanana
625,Joanass
626,Johan
627,JohnSm1th
628,Joker
629,JonY BoY
630,Jonger
631,Jonji
632,Jorko
633,Jotag3
634,Jpp
635,Jr24racing
636,JuL
637,JuMiii
638,JuN1
639,Juiceboy
640,Juli
641,Jun7
642,Junie
643,JunioR
644,Juntella
645,Junyme
646,Juve
647,Jynx
648,Jyo
649,K014NZ
650,K1-FiDa
651,K2
652,K4mr0
653,KAISER
654,KANKY
655,KAOS
656,KBeaZy
657,KD69z
658,KENSI
659,KENZI
660,KEi
661,KIRO
662,KRAXYT
663,KRIMZ
664,KRL
665,KRST
666,KSCERATO
667,KUN
668,KWERTZZ
669,KaiR0N-
670,Kaide
671,KalubeR
672,Kamion
673,Kamui
674,Kaoday
675,KarmaN
676,Kat
677,Katalic
678,Kate
679,Kebab
680,Keiti
681,KennyT
682,Keoz
683,KiKi
684,KiMaRR
685,KiTKaT
686,KicA
687,Killmisker
688,Kind0
689,Kionetta
690,Kirikuõpetaja
691,KittyTM
692,Kiy0o
693,Kiyo
694,Kjuk
695,Klameczka
696,KmZ
697,Knopk@
698,Kobe
699,Kollo
700,Komunarka
701,Kon
702,Koxa
703,Krabeni
704,Krad
705,Kragh
706,KralleJ
707,Kras
708,KratZen
709,Kre1N
710,Krimbo
711,Kristou
712,Kuma
713,KunKKa
714,Kunai
715,Kunana
716,Kungao
717,Kursy
718,KusMe
719,KvNs
720,Kvem
721,KxtsnE
722,Kylar
723,Kyojin
724,L00m1
725,L0NER
726,L1afz
727,L1haNg
728,L1nxiaoshan
729,L2ssssss
730,LAKSHERi
731,LAME
732,LCK
733,LEARSI
734,LECY
735,LETN1
736,LETi
737,LIN
738,LNZ
739,LUCAS1
740,LUKE4k
741,LUMSEN
742,Lacerda
743,Lack1
744,LaffyTs
745,LaiKeXu
746,Lake
747,Lambchoppington
748,Lambdacore
749,Lanabanana
750,Lapra
751,Lara
752,LarkoTaco
753,Larmo
754,Lastík
755,Lcm
756,Lcs
757,Le
758,LeeN
759,Lekr0
760,Lekzi
761,Leomonster
762,Leon1das
763,Levi
764,Lexa
765,Liazz
766,Licale
767,Lich
768,Liina
769,Lilo
770,Linko
771,LittleBEER
772,Lkz
773,Llamas
774,Loagurt
775,Locke
776,Logic
777,Longo
778,Louie
779,Lowlita
780,Lucaozy
781,Lucasye
782,Lucid
783,Lucky
784,Ludwig
785,Lui
786,Luken
787,Lukita
788,Luulu4k
789,Lx
790,LyttleZ
791,M1KA
792,M1key
793,M1racle
794,M3gzz
795,M4rdik
796,MAGILA
797,MAIROLLS
798,MAJ3R
799,MAT1
800,MATYS
801,MELKOR
802,MERL
803,MITHPUTTINI
804,MJB
805,MMS
806,MOREE
807,MRcreed
808,MTGG
809,MUTiRiS
810,MUV
811,MYS
812,MaLLby
813,MaMi.CM
814,MaSvAl
815,MaThZ
816,Machado
817,Maddu
818,MadeInRed
819,Maden
820,Mafi
821,MagiC
822,Magic
823,Magician
824,Magisk
825,Magnojez
826,MagnumZ
827,MahaR
828,MaiL09
829,Mairel
830,Maison
831,Majesticzz
832,Majkn
833,Majster
834,Maka
835,Malkiss
836,Malmie
837,Maltelul
838,Malu
839,Maluk3
840,Malware
841,MamaAlien
842,ManeschijnX
843,Maniaczinho
844,Mann3n
845,ManuM
846,Mané
847,MarKE
848,Marek
849,Margo
850,Mariam
851,Marix
852,Markoś
853,Markz
854,Marro
855,MartinezSa
856,Marv
857,Masi
858,Matheos
859,MattyMyimb
860,Maus
861,MaxOff
862,Maxuel
863,Maze
864,Mcg!LLzZz
865,Mechanical
866,Mechant
867,Meepff
868,MegaGeese
869,Meinz
870,Melavi
871,Meli0
872,Melio
873,Memeske
874,Menace
875,Mercury
876,MiGHTYMAX
877,MiQ
878,Miami
879,Michat
880,Midgard
881,MidnightyKK
882,MiguiHalo
883,Mikajla
884,Mike
885,Mikejio
886,Miku
887,Mileyyy
888,Mingovi
889,Minnie
890,Minus
891,Misfit
892,Mishoper
893,MissLaia
894,Missy
895,MistR
896,Mistake
897,MisteM
898,Misterio
899,MiyukiBB
900,Mizi
901,MoDo
902,MoWeL
903,Mokuj1n
904,Mol011
905,Momo
906,Monkey D Julie
907,Monoxx
908,MoriiSko
909,Mort1s
910,Moseyuh
911,Mr.3
912,Mr66
913,MrTrelog
914,Mride
915,Mrx
916,Msaia
917,Muk0s
918,Murb
919,Mutley
920,Myggis
921,N07
922,N0R1
923,N1KOLAJ
924,N1dhaaal
925,N1ghtraid
926,N1kace
927,N2o
928,N4XX1S
929,NAF
930,NAKO
931,NARONE
932,NAYLLA
933,NBK-
934,NEKIZ
935,NENO
936,NEOFRAG
937,NEUZ
938,NIGHT666LADE
939,NMV
940,NONS3NS
941,NOPEEJ
942,NaOw
943,NaRo
944,NaYz
945,Naginat
946,Nami
947,Natra3p
948,Nayomy
949,Nbc1
950,Ne1XXX
951,Nea
952,Neityu
953,Nem
954,Nem1za
955,Neo
956,Neolife
957,Neqy
958,Nero
959,NertZ
960,Nettar
961,Nexius
962,NiKo
963,NickelBack
964,NickyB
965,Nico
966,Nidoriaa
967,Nivera
968,No Love
969,NoProblemGuy
970,NoXera
971,Nodios
972,Noktse
973,Nolv1n
974,Noruyp
975,Norwi
976,Nosik
977,Notjuanjo
978,Noyan
979,Nukeddog
980,Nuko
981,Nunnn
982,Nyyx
983,Nzkk
984,OCEANA
985,OG
986,OKay
987,ORIGLONIKO
988,OWNER
989,Oath
990,Oczarka
991,Olga
992,Olivia
993,Omichella
994,OneLion
995,OneUn1que
996,OniX
997,OpeN
998,Orb1t
999,Orbit
1000,OrphaN
1001,Otto
1002,OverDrive
1003,Overdue
1004,Owbb
1005,OwensinhoM
1006,Owned
1007,Oxbrandd
1008,OxygeN
1009,P1G
1010,P3R3IIRA
1011,P3nny
1012,P4TriCK
1013,PABLEK
1014,PALM1
1015,PANDAZ
1016,PG
1017,PKL
1018,POLO
1019,POP0V
1020,PR
1021,PR1mE
1022,Pagarkalle
1023,Paine
1024,Palash
1025,Panic
1026,Paranormal
1027,ParkJJong
1028,Pat
1029,Patrick
1030,Patsi
1031,Patti
1032,PeTeRoOo
1033,Pechyn
1034,Pedrinho2011
1035,Peeping
1036,Pelle
1037,Pepo
1038,Peppzor
1039,PerX
1040,PerdY
1041,Perfecto
1042,Ph1NNN
1043,Pham
1044,PhilEba
1045,Pictrucz
1046,PiggyKiki
1047,PippySippy
1048,Pipw
1049,Pixar
1050,PlesseN
1051,Plopski
1052,Pluto
1053,PoKe
1054,Pofon
1055,PokemoN
1056,Pol0
1057,Polbandana
1058,Polt
1059,Porya
1060,Pose1doNN
1061,Potei
1062,Potya
1063,Pr0mise
1064,Praisy
1065,PremiuM
1066,Prime
1067,Prism
1068,ProKiller
1069,Profug
1070,Proper
1071,Prs
1072,Psycho
1073,Pugg
1074,Pumpkin66
1075,Pupu
1076,Purely
1077,PwnAlone
1078,PyR0
1079,Python
1080,Q-Q
1081,Qikert
1082,Qiyarah
1083,Qlocuu
1084,QuQu
1085,Quacko
1086,Quality
1087,Queenix
1088,R2B2
1089,R3LiFwOw
1090,R4DYX
1091,RAISY
1092,RCF
1093,REAL1ZE
1094,REDSTAR
1095,REGIANE
1096,REKMEISTER
1097,RENZ1
1098,REZ
1099,RICIOLI
1100,ROGA
1101,ROUX
1102,RSK
1103,RUSH
1104,RW
1105,RaY5ive
1106,RaYzEr
1107,RacheLL
1108,Rack
1109,Rackem
1110,Rafex78
1111,Raijin
1112,Rainwaker
1113,Randyyyy
1114,Ratzz
1115,RavlE
1116,Re1GN
1117,ReFuZR
1118,ReacT3on
1119,Realyummy
1120,Reaper
1121,Reapz
1122,Reason
1123,Reckless
1124,Recoilmaster
1125,Redman
1126,Reix
1127,Rejoiner
1128,Remill
1129,Remind
1130,RenanZin
1131,Renesqu
1132,ResoLuxe
1133,Revampzz
1134,Rezkiyy
1135,Rezst
1136,Rhys
1137,Rhyu
1138,Rhyza
1139,Rhyzar
1140,RiFT
1141,Rickeh
1142,RiglA
1143,RiiL3
1144,RiseN
1145,Risk
1146,Rkzinho
1147,Rlanen
1148,Ro1f
1149,RoLEX
1150,Robski
1151,Roflko
1152,Romanu
1153,Roninbaby
1154,Rony4ka
1155,Rossi
1156,Ruben
1157,Rulik
1158,Runnin
1159,RustyYG
1160,Ruy2k
1161,Rytter
1162,Ryu
1163,Ryujin
1164,S0ph3R
1165,S0tF1k
1166,S1kura
1167,S1ren
1168,S1t1f
1169,S3NSEY
1170,S5J
1171,SALO_MUX
1172,SANJI
1173,SAVAGE
1174,SBT
1175,SEBASEN
1176,SELLTER
1177,SEMPHIS
1178,SEMSYS
1179,SENER1
1180,SEXYVOVA
1181,SHOCK
1182,SHOOWTiME
1183,SHiNE
1184,SHiPZ
1185,SIXER
1186,SJR
1187,SKNS
1188,SLIE9000
1189,SLIGHT
1190,SLY
1191,SNk
1192,SOULM8
1193,SP1NT
1194,SPELLAN
1195,SPine
1196,STYKO
1197,SYDOX
1198,SZPERO
1199,Sa1nTy
1200,SaMey
1201,SaVage
1202,Saac
1203,Sain
1204,Sakuma
1205,Salty
1206,Samineh
1207,Samuukxs
1208,Samys
1209,Sandman
1210,Sange
1211,Santuriano
1212,SanyxX
1213,Sapec
1214,Sarkasm
1215,Sauceboy
1216,Saviour
1217,Sc0rch
1218,Scared
1219,Scarlet
1220,Schwarz
1221,Scoffic
1222,Scorchyy
1223,ScorpiioooN
1224,Scr0b
1225,ScringE
1226,ScrunK
1227,Sdaim
1228,SeBreeZe
1229,Seb
1230,SeeK
1231,Senzu
1232,Seqret
1233,Serce
1234,Serendipity
1235,SethP
1236,SeveN89
1237,Sh1karee
1238,Sh1nDz
1239,Sh1rax
1240,Shad0w
1241,Shadow
1242,Shakezullah
1243,Sham
1244,Shane
1245,Sharpie
1246,Sharpshooter
1247,ShenxianG
1248,Shiwei
1249,Shlyaperson
1250,Showk
1251,Shr
1252,Shuajbzz
1253,Shukba1
1254,Sickta
1255,Sideny
1256,Sidivo
1257,Sijeyy
1258,Siko
1259,Silence
1260,Siljeeeh
1261,SinK
1262,Sinzey
1263,Siyi
1264,Siz
1265,Skadoodle
1266,Skejs
1267,Skodo
1268,Skrimo
1269,SkulL
1270,Slash
1271,Slaxx
1272,Slayerhz
1273,SloWye
1274,SlooKy
1275,Slugy
1276,Sm1llee
1277,Smash
1278,Sn0w
1279,Sn0wii
1280,Snaaz
1281,SnacKZ1
1282,Snakes
1283,Snappi
1284,Snax
1285,Snaxieee
1286,Snowy
1287,So1CaoBang
1288,SoLb
1289,Sobol
1290,Sof1ra
1291,Sofiaxyz
1292,SolGoat
1293,Something
1294,Sonic
1295,Sora
1296,Sorex
1297,SpAwNnS
1298,SpavaQu
1299,SpawN
1300,Speedie
1301,Spexy
1302,Spidergum
1303,Spinx
1304,Spitfire
1305,Sprayy
1306,Spredd
1307,SquEzxc
1308,St0m4k
1309,StRoGo
1310,Staehr
1311,Starry
1312,Stay Classy
1313,Sterzig
1314,Stewie2K
1315,Stop it
1316,Stormy
1317,Straxy
1318,StreakN
1319,Stx
1320,Styx
1321,Sukkerzhok
1322,SultaaN
1323,Summa
1324,Summer
1325,SunPayus
1326,Sunk
1327,Sup3rant
1328,Supers
1329,Surreal
1330,Svedjehed
1331,Swisher
1332,Swoops
1333,Syn
1334,Sys
1335,Szeli
1336,Szkvrtl
1337,T0rby
1338,T4gg3D
1339,TABEN
1340,TACO
1341,TEARS
1342,TENSKEE
1343,TH0R
1344,THE_BEST
1345,TIMhehe
1346,TITI
1347,TMB
1348,TMKj
1349,TNEG
1350,TOAO
1351,TOBIZ
1352,TOKYOPEEK
1353,TORITO
1354,TR0JN
1355,TRAVIS
1356,TRIPLUS
1357,TaZ
1358,Taikun
1359,Talen
1360,Tanner
1361,Tapewaare
1362,Tarkky
1363,Tatu
1364,TauruS
1365,Tauson
1366,Tdd
1367,Tdonmi
1368,TeSeS
1369,TeXaSs
1370,Techno
1371,Templ
1372,Tender
1373,Ter3sss
1374,Termina
1375,Terryyy
1376,Texta
1377,The eLiVe
1378,TheJelly
1379,TheM4N
1380,Thomas
1381,ThozoR
1382,Thuister
1383,Tiger
1384,Tiggz
1385,Tikkkkkk
1386,Tineu
1387,Tionix
1388,Tiski
1389,TjP
1390,ToBy
1391,Toasty
1392,Tomkeejs
1393,Tomyo
1394,Tony
1395,Topa
1396,TorNEX
1397,Tore
1398,Toshas
1399,Totya
1400,Toxic
1401,Tr0ublE
1402,Tr1cky
1403,Trash
1404,Tree60
1405,TriBorgg1
1406,Triton
1407,Trogie
1408,TruNiQ
1409,Trucklover86
1410,Tsogoo
1411,Ttyke
1412,Tubsy
1413,Tugu
1414,Tusi
1415,Tuurtle
1416,Tw1nk1e17
1417,Twiksar
1418,Twinkey
1419,Twistzz
1420,Twizell
1421,TyRa
1422,Tynka
1423,Uasted
1424,Uncrown
1425,Unicorn
1426,Uzman
1427,V0R4yn
1428,VENO
1429,VILBy
1430,VINI
1431,VLDN
1432,Vacancy
1433,Valiance
1434,Valter0k
1435,VanceKK
1436,Vargur
1437,Veccil
1438,Vegi
1439,Vej
1440,Vengator
1441,Vert
1442,Vexite
1443,ViTaL
1444,Victoria
1445,Viggo
1446,Vii
1447,Viktha
1448,Villeboe
1449,VireZ
1450,Viv
1451,Voltage
1452,Vonex
1453,Vster
1454,VulcaN
1455,WANGJ
1456,WIPSKY
1457,WOOD7
1458,Wadeshot
1459,Wahtzz
1460,Walco
1461,Waldee
1462,WasteOfAmmo
1463,Weedfly
1464,Weeza
1465,Welho
1466,Werzaide
1467,Westmelon
1468,Whis
1469,Whiskas
1470,Wicadia
1471,Wierd_1k
1472,Wign
1473,Wilky
1474,WillPowerme
1475,Wilson
1476,Winnieeeee
1477,Wohs
1478,Wolf
1479,WolfY
1480,Wolffe
1481,Wolfie
1482,Wonder
1483,Wonderzce
1484,Woro2k
1485,Wuchtig
1486,Wumbo
1487,X1RON
1488,X44VIER
1489,X5G7V
1490,XANTARES
1491,XCR
1492,XELLOW
1493,Xadoxg0d
1494,Xant3r
1495,Xetherato
1496,XiMaa
1497,XiaoWu
1498,Xiaobao
1499,XigN
1500,XotiC
1501,Xp3
1502,XtaSy
1503,Xydoo
1504,YEKINDAR
1505,YNGHunter
1506,Yakuza
1507,Yamero
1508,Yamii
1509,Yaqk
1510,Yeneurs
1511,Yoga
1512,Yoghi
1513,Yogis
1514,Yoshwa
1515,YuZ
1516,YumsaN
1517,ZEDKO
1518,ZEMO
1519,ZPX
1520,Zabey
1521,Zacheraay
1522,Zamgaa
1523,Zan1S
1524,Zana
1525,Zanto
1526,ZapR
1527,Zax1e
1528,Zazu
1529,Zccnb666
1530,Zero
1531,ZeroFeng
1532,Zerpherr
1533,Zesta
1534,ZhangJingXuan
1535,Zhangirkozha
1536,Zhenn
1537,Zichael
1538,Zilkenberg
1539,ZinGY
1540,Zoker
1541,Zortexx
1542,Zote
1543,Zucar
1544,Zuko
1545,Zulu
1546,Zumss
1547,Zunkyo
1548,Zy88
1549,Zygimage
1550,Zyphon
1551,Zypno
1552,ZywOo
1553,Zzeus
1554,aJVII
1555,aNSeLMO
1556,aNdu
1557,aNgelo
1558,aNsavage
1559,aRTYSAN
1560,aVN
1561,aZe
1562,abby
1563,abcdef
1564,abiraju
1565,abizz
1566,abr
1567,absolute
1568,acoR
1569,ad0rfin
1570,adai
1571,adamS
1572,adamb
1573,adeX
1574,aelor
1575,afro
1576,afufu
1577,agR
1578,agoz
1579,agt
1580,aiM
1581,aidKiT
1582,aimy
1583,aiveri
1584,akiyanora
1585,alecc
1586,aleph
1587,alex
1588,alex666
1589,alexer
1590,aliStair
1591,alkarenn
1592,allee
1593,allu
1594,almazer
1595,alpha
1596,alula
1597,alwayz
1598,amanek
1599,amaze
1600,ammar
1601,amore
1602,amster
1603,amyb
1604,anarkez
1605,anber
1606,and1
1607,andr1x
1608,angelz
1609,anja
1610,annaEX
1611,anniken
1612,antonini
1613,anttzz
1614,apEX
1615,apocdud
1616,arT
1617,arTisT
1618,aragornN
1619,arakyN
1620,arcade
1621,areokk
1622,arias
1623,ariucle
1624,armk4m
1625,arrozdoce
1626,artStar
1627,artstyle
1628,artze
1629,arun
1630,arvid
1631,asap
1632,ashe
1633,atarax1a
1634,atoom
1635,aumaN
1636,aurora
1637,auth0ri
1638,autimatic
1639,avi
1640,avid
1641,avo
1642,aw3some
1643,awks
1644,awzek
1645,ayaka
1646,ayakasi
1647,ayaneuu
1648,ayy
1649,b0RUP
1650,b0denmaster
1651,b1
1652,b1elany
1653,b1lal
1654,b1st
1655,b1t
1656,b4rtiN
1657,bALAGE
1658,bLazE
1659,bLitz
1660,baby4
1661,bacc
1662,bajmi
1663,bam
1664,batyazzz
1665,bdzz
1666,bea2
1667,beastik
1668,becker
1669,beeb
1670,beg0d
1671,bekker
1672,ben1337
1673,berzerk
1674,betinho
1675,bevve
1676,bezymecc
1677,biguzera
1678,birdfromsky
1679,bitu
1680,bixiaoxi
1681,bizinha
1682,bkzcurs3d
1683,bl1x1
1684,blacktear5
1685,bladee
1686,blameF
1687,blaq
1688,blaze
1689,blazevlone
1690,blaziiN
1691,blend
1692,blocker
1693,bloody wolf
1694,blopex
1695,bluewh1te
1696,bnc
1697,bnox
1698,boN11
1699,bobeksde
1700,bobz
1701,boci
1702,bodito
1703,bodyaN
1704,bodyy
1705,bogemt
1706,bokor
1707,bondik
1708,bored3m
1709,borosto
1710,botirshoT
1711,bountt
1712,bpg
1713,bq
1714,br0
1715,brawckzz
1716,brett
1717,brn$
1718,brnr
1719,brnz4n
1720,brock
1721,brokeN
1722,broky
1723,brunakiller
1724,brutmonster
1725,bsd
1726,bsover
1727,bubble
1728,buda
1729,buhnny
1730,burnz
1731,buster
1732,byek
1733,byr9
1734,c0ldhurt
1735,c0llins
1736,c0mplex
1737,c1gura
1738,cAmyy
1739,cHeuuuuk
1740,cJ dA K1nG
1741,cJe
1742,cLd
1743,cacan
1744,cadiaN
1745,cadnyx
1746,cairne
1747,calamity
1748,cand1d
1749,cap17al
1750,captainMo
1751,carN
1752,caravaggio
1753,card
1754,carua
1755,casey
1756,cass1n
1757,castrz
1758,caustic
1759,cbass
1760,cej0t
1761,cerber
1762,cerolzin
1763,cgk
1764,ch1rs
1765,chahd0nJ
1766,chante
1767,charrie
1768,chawzyyy
1769,chayJESUS
1770,cheeseball
1771,chelleos
1772,chelo
1773,chengking
1774,chjna
1775,choiv7
1776,chop
1777,chopko
1778,chopper
1779,chucky
1780,chudy
1781,ckzao
1782,cl0ver
1783,clax
1784,clipzera
1785,clon7
1786,clouda
1787,clouden
1788,clx
1789,clyd1e
1790,cmrn
1791,cmtry
1792,cobrazera
1793,coldpera
1794,coldzera
1795,coley
1796,conoR
1797,consti
1798,controlez
1799,cookie
1800,cool4st
1801,coolio
1802,coops
1803,corim
1804,corn
1805,cox
1806,cptkurtka023
1807,cr1stal
1808,cray
1809,crickeyyy
1810,crit
1811,croma
1812,cronuss
1813,cruly
1814,crush
1815,cryths
1816,ct0m
1817,cutedog
1818,cuze
1819,cyclone
1820,cypress
1821,d0RREN
1822,d0dy
1823,d1Ledez
1824,d1maje
1825,d4rty
1826,d9zz
1827,dAVE
1828,dENZY
1829,dZ
1830,dako
1831,damyo
1832,dan1
1833,dan1q
1834,dan4o
1835,dangeR
1836,danistzz
1837,danoco
1838,danss
1839,dantemoren
1840,dany
1841,darber
1842,darchevile
1843,dare
1844,daria
1845,darkk
1846,dav1deuS
1847,dav1g
1848,day0s
1849,dcey
1850,ddoni
1851,deLonge
1852,dea
1853,dearlucid
1854,deb0
1855,decenty
1856,deco
1857,deeN
1858,deemO
1859,deepawK
1860,def1zer
1861,degster
1862,deko
1863,delboNi
1864,delle
1865,dem0n
1866,demente
1867,den1ed
1868,dennyslaw
1869,denz
1870,depends
1871,desh
1872,desl3bio
1873,destiny
1874,detr0ittJ
1875,devi
1876,device
1877,devoduvek
1878,dewi
1879,dex
1880,dexie
1881,dexter
1882,dezt
1883,dgt
1884,di^
1885,diozera
1886,discoStar
1887,discplex
1888,divine
1889,divniy
1890,djay
1891,dmR
1892,dobbo
1893,dobo
1894,dobu
1895,doc
1896,dodZ
1897,doiz
1898,dok
1899,doltn
1900,doni
1901,donk
1902,doobs
1903,doon1k
1904,dosikk
1905,dosikzz
1906,doto
1907,dott1
1908,dottie
1909,dpr
1910,drac
1911,draken
1912,drax
1913,dreez
1914,drg
1915,drop
1916,drowranger
1917,duggy
1918,dukefissura
1919,dumau
1920,dune
1921,dupreeh
1922,duw
1923,dvrk
1924,dwushka
1925,dycha
1926,dyvo
1927,dziugss
1928,dzt
1929,e1543
1930,eLa1z
1931,eNs
1932,easy
1933,edv
1934,eepy rain
1935,eightz999
1936,eistar
1937,eksiver
1938,electroNic
1939,elem
1940,elementx
1941,elennz
1942,ellie
1943,elybalich88
1944,em0k1d
1945,emi
1946,emili0
1947,emocore
1948,emokidead
1949,emot1on
1950,emothug
1951,empathy
1952,emzijs
1953,endicate
1954,enesy
1955,enkay J
1956,entz
1957,enzero
1958,epoh
1959,er9k
1960,eraa
1961,erin
1962,esenthial
1963,esor
1964,estrella
1965,ewjerkz
1966,ex1st
1967,excien
1968,exe
1969,exe4
1970,executor
1971,exit
1972,expSasiKi
1973,expro
1974,ezox
1975,f0cus
1976,f0ll0wW
1977,f1redup
1978,f4stzin
1979,f6tal
1980,fEZKO
1981,fNk
1982,fREQ
1983,fReeze13
1984,facecrack
1985,facer
1986,fajkus
1987,fakerealityy
1988,faline
1989,fame
1990,fanatyk
1991,farias
1992,fatestyoshi
1993,faveN
1994,faydett
1995,feNcy
1996,fear
1997,febreeze
1998,fejtZ
1999,fello
2000,felps
2001,ferqd
2002,ferzy
2003,fett1s
2004,fez
2005,fiction
2006,finW
2007,fineshine52
2008,fino
2009,fl0m
2010,fl1nt
2011,flairr
2012,flameZ
2013,flamie
2014,flash
2015,flasi
2016,flaw
2017,flayy
2018,fleav
2019,fleer
2020,flexeeee
2021,flixxy
2022,floppy
2023,flouzer
2024,flow
2025,fluffy
2026,flusha
2027,fly
2028,flying
2029,fnl
2030,foggers
2031,fokiu
2032,for2na
2033,forkyz
2034,forsyy
2035,forzetsky
2036,fostar
2037,fox
2038,fozil
2039,fr0k
2040,fr3nd
2041,freakazoid
2042,freitas
2043,freshie
2044,frog
2045,frontales
2046,frozen
2047,fur1
2048,fury5k
2049,futoi
2050,g1tsune
2051,gLong
2052,gabs
2053,gadfly
2054,gafolo
2055,gamble
2056,gas
2057,gbb
2058,gehji
2059,gejmzilla
2060,gfi
2061,ghosT1
2062,giM
2063,gla1ve
2064,gleb86rus
2065,glorinsz
2066,glowiing
2067,goddess
2068,godkU
2069,gone
2070,gr1ks
2071,grape
2072,graphX
2073,grumpyMonk
2074,gsr
2075,gtw
2076,guH
2077,guidimon
2078,gump
2079,gusihx
2080,guthriee
2081,gxx-
2082,h0kz
2083,h0t
2084,h1ghnesS
2085,h1glaiN
2086,h1kaN
2087,h1te
2088,h4rn
2089,hAdji
2090,hAniCEt
2091,hK
2092,hY
2093,hades
2094,hahanz0
2095,hallzerk
2096,hampus
2097,hang4u
2098,happ
2099,harbor
2100,hardzao
2101,harizmapower
2102,hasteka
2103,hate
2104,hattygOD
2105,havoK
2106,hayanh
2107,haze
2108,hazr
2109,hdgz
2110,headtr1ck
2111,heartZ
2112,heartjess
2113,heaty
2114,heaveN
2115,hechtikal
2116,heehee
2117,heione
2118,helix
2119,hemzk9
2120,her1tage
2121,hera
2122,herofromsky
2123,hexoq
2124,hf
2125,hfah
2126,history
2127,hitagi
2128,hitori
2129,hns
2130,hoax
2131,hodix
2132,hom1er
2133,honda
2134,hoolig4n
2135,horvy
2136,hotd0g
2137,huNter-
2138,hug1
2139,huncho
2140,hunt3rr
2141,hurtslxrd
2142,hyp3else
2143,hyped
2144,hypex
2145,hyskeee
2146,hyza
2147,iDISBALANCE
2148,iDk
2149,iFRAGEZ
2150,iM
2151,iMoon
2152,icarus
2153,iceezze
2154,icytears
2155,icyvl0ne
2156,ifan
2157,iksou
2158,ilonda
2159,imoRR
2160,imyGDx
2161,injury
2162,innocent
2163,insan1ty
2164,insani
2165,insmutje
2166,interz
2167,intra
2168,irbitka
2169,isak
2170,ivz
2171,izaa
2172,j0w
2173,j3kie
2174,jERK0z
2175,jHeck
2176,jL
2177,jR
2178,jabbi
2179,jackasmo
2180,jackast
2181,jagrN
2182,jakekeS
2183,jalwar
2184,jambo
2185,jansen
2186,japE
2187,jared
2188,jaro
2189,jason
2190,jaxi
2191,jaydee
2192,jayketh
2193,jchancE
2194,jcobbb
2195,jcr
2196,jenkon
2197,jesscas
2198,jessebn
2199,jestek
2200,jeyN
2201,jhd
2202,jiejie
2203,jkaem
2204,jks
2205,jmqa
2206,jocab
2207,joe1106
2208,joeski
2209,josefine
2210,josi
2211,jottAAA
2212,jresy
2213,jsfeltner
2214,juanflatroo
2215,juhcaN
2216,juho
2217,juliano
2218,julih
2219,jung1e
2220,junior
2221,jz
2222,k0s
2223,k0vi4
2224,k175un4
2225,k1araSh
2226,k1n
2227,k1ngzlo
2228,k1not1
2229,k1slll
2230,k1ssly
2231,k1to
2232,k4Mi
2233,k4nfuz
2234,kANDARO
2235,kAlash
2236,kL1o
2237,kRYPt0N
2238,kRYSTAL
2239,kRaSnaL
2240,kRyTouS
2241,kaRRRolina
2242,kaZzu
2243,kaahSENSEI
2244,kabal
2245,kade0
2246,kadziu
2247,kadzz
2248,kaiori
2249,kairo
2250,kaito
2251,kamaz1k
2252,kapa
2253,karl
2254,karmazynsz
2255,karnez
2256,karolzk
2257,karposlaveee
2258,karrigan
2259,karrigod
2260,karv3r
2261,kas
2262,kashl1d
2263,kasze
2264,katalyyst
2265,kauez
2266,kaz
2267,kaze
2268,kaziken
2269,kdaN
2270,keb1k
2271,keegaN
2272,keen
2273,keetoh
2274,keis
2275,keiz
2276,keizo
2277,kelieN
2278,kengeN
2279,keni
2280,kensizor
2281,kenz1
2282,kenznk
2283,ketsuo
2284,kevz
2285,kewS
2286,kezz
2287,khaN
2288,khizha
2289,kiR
2290,kibstar
2291,kickdown
2292,kicking
2293,killerPandas
2294,kimbee
2295,kinQ
2296,king
2297,kinqie
2298,kira
2299,kirai
2300,kirxttu
2301,kisserek
2302,kiyoshi
2303,kk
2304,kl1m
2305,klain
2306,klausyk
2307,klimy
2308,klipp
2309,kln
2310,klyrO
2311,kmrn
2312,ko5te
2313,koala
2314,kory
2315,kr1stilio
2316,kr1vda
2317,kr4sy
2318,kraghen
2319,krazy
2320,krc
2321,kreaz
2322,kritik
2323,kroK
2324,kronkzz
2325,ksloks
2326,ksolter
2327,kumao
2328,kunzxie
2329,kwezz
2330,kye
2331,kyossa
2332,kyousuke
2333,kyuubii
2334,kyxsan
2335,la3euka
2336,laacfaze
2337,lacr1m0sa
2338,lakyo
2339,lampada
2340,lan
2341,land1n
2342,lapbI4
2343,laser
2344,lash
2345,latto
2346,lattykk
2347,lauNX
2348,laxiee
2349,leaf
2350,leakz
2351,lealziNho
2352,lebronaldo
2353,leen
2354,legy
2355,leleo
2356,lenci
2357,leo_drk
2358,leof
2359,levantino
2360,levi
2361,lewyGOD
2362,lexy
2363,lezy
2364,lindeen
2365,lo-fi
2366,lockstock
2367,log1ks
2368,logaN
2369,lojzo
2370,lollipop21k
2371,looke
2372,lov1kus
2373,lub
2374,lucas222
2375,luchov
2376,lugseN
2377,luhflickzz
2378,lukiz
2379,luko
2380,lulitenz
2381,lumen
2382,lumisade
2383,lunAtic
2384,lunari
2385,lund
2386,luujin
2387,lux
2388,lynX
2389,m0NESY
2390,m0nsterr
2391,m0rena
2392,m1N1
2393,m1QUSE
2394,m1kketye
2395,m1kliq
2396,m1she4ka
2397,m1te
2398,m2
2399,m3wsu
2400,m4d4ra
2401,m4tthi
2402,mASKED
2403,mAnGo
2404,mENTALPLAY
2405,mONSTA
2406,maQuein
2407,maaryy
2408,maaxg1
2409,macke
2410,madness
2411,madss
2412,maeggi
2413,mag1c
2414,mag1k3Y
2415,magari
2416,maggent
2417,magixx
2418,majky
2419,makaroff
2420,makazze
2421,mako
2422,makszi
2423,malbsMd
2424,malfik
2425,malinov
2426,malta
2427,mang0
2428,manguss
2429,mantuu
2430,marTineZ
2431,marat2k
2432,march
2433,marekiew
2434,mari
2435,marie
2436,markovich321
2437,marsyy
2438,maskoff
2439,mason
2440,mathiaski
2441,matios
2442,mattloo
2443,mawth
2444,max
2445,maxster
2446,maxxkor
2447,mcniff
2448,mds
2449,me1o
2450,meL55
2451,mecry
2452,mediocrity
2453,medzi
2454,melanta
2455,meli
2456,melkies
2457,mello
2458,melu
2459,meo
2460,meowpop
2461,merci
2462,mertz
2463,metallica
2464,meyern
2465,mezii
2466,meztal
2467,mhL
2468,mhN1
2469,miLo
2470,micro
2471,mid1
2472,mikeri
2473,mild
2474,miles
2475,milky
2476,millert
2477,milo
2478,mindtr6cks
2479,minnii
2480,mir
2481,mira
2482,misha
2483,misutaaa
2484,mitinaa
2485,miu_u
2486,miwo
2487,mixmeister
2488,mizu
2489,mjdaqueen
2490,mjeroa
2491,mkd
2492,mlhzin
2493,mo0N
2494,modeSavage
2495,mogv
2496,molodoy
2497,monarrrh
2498,moonwalk
2499,mopoz
2500,morelz
2501,motm
2502,mou
2503,moz
2504,ms
2505,msN
2506,mtsGOD
2507,muffin
2508,munch
2509,mwlky
2510,mxa
2511,myline
2512,myltsi
2513,mynio
2514,mzinho
2515,n0page
2516,n0rb3r7
2517,n0rths
2518,n0te
2519,n0thing
2520,n0tice
2521,n0xxy
2522,n1Xen
2523,n1cks
2524,n1ssim
2525,n4mb3r5
2526,nEMANHA
2527,nacho
2528,nafany
2529,naitte
2530,nardes
2531,natso
2532,nauh
2533,navy
2534,nawwk
2535,naz
2536,nbgee12
2537,nbl
2538,nbqq
2539,ncl
2540,neaLaN
2541,neaQ
2542,neight
2543,neiter
2544,nellozz
2545,neo
2546,neorah
2547,neosoznala
2548,neozix
2549,ner
2550,nero
2551,nesh
2552,nestee
2553,nesto
2554,nettik
2555,neverland
2556,newt
2557,nexa
2558,next
2559,next1me
2560,nguyen
2561,nibito
2562,nicks
2563,nico1ajus
2564,nicoodoz
2565,nicx
2566,nifee
2567,niise
2568,nika
2569,niki1
2570,nikitea
2571,niko
2572,nikz
2573,nilo
2574,nin9
2575,ninjaZ
2576,nisker
2577,nitr0
2578,nitzie
2579,njuKI
2580,nnn1337
2581,no1nx
2582,noleN
2583,nolkz
2584,nomizz
2585,noni
2586,nooz
2587,norkk
2588,nosraC
2589,nota
2590,notaN
2591,notineki
2592,nova
2593,nova4u
2594,noway
2595,npl
2596,nqz
2597,nuka
2598,nukkye
2599,nursSSS
2600,nut nut
2601,nyezin
2602,nython
2603,oSee
2604,obi
2605,ocean
2606,ogura
2607,ogwizard
2608,ole
2609,oli
2610,olik
2611,olimp
2612,olya
2613,onder
2614,ondyey
2615,onic
2616,onlypure
2617,oopee
2618,opdust
2619,oreosss
2620,oskar
2621,oskvr
2622,ottoNd
2623,ottob
2624,outex
2625,oxycet
2626,oxygeN
2627,oxygen
2628,oz1k
2629,p12
2630,p1ke
2631,p1ty
2632,p3kko
2633,p5p
2634,p7
2635,pain
2636,pancc
2637,pandi7o
2638,pauliiee
2639,paupau
2640,pavast4r
2641,pavlysha666
2642,pavv
2643,paz
2644,ped
2645,pedrinzy
2646,peek a boo
2647,peku
2648,pendzelek
2649,pepe
2650,perez
2651,pesadelo
2652,peterr
2653,petlan
2654,phoebe
2655,phr
2656,phzy
2657,piku
2658,piriajr
2659,pita
2660,piupiupiu
2661,pixel
2662,pkN
2663,playN
2664,plushax
2665,pmk
2666,pms
2667,podi
2668,poiii
2669,poka
2670,ponter
2671,poppins
2672,pr
2673,pr1metapz
2674,pr3e
2675,prakM
2676,prelideN
2677,prisma
2678,prn
2679,proSHOW
2680,prosus
2681,protado
2682,proxi
2683,prt
2684,pulan
2685,pullox
2686,puni
2687,pupcake
2688,puuha
2689,pxsl
2690,pz
2691,qqGOD
2692,quix
2693,qw1nk1
2694,qwant
2695,qx
2696,r1nkle
2697,r1verLaKe
2698,r3kt
2699,r3salt
2700,r4ul
2701,rCV
2702,rMp
2703,ra1n
2704,raW
2705,raalz
2706,rabbit
2707,radish
2708,rafaxF
2709,rafftu
2710,rage
2711,ragga
2712,rahley
2713,raiNyyy
2714,rain
2715,rainny
2716,raizo
2717,rallen
2718,ramziiN
2719,rate
2720,raven
2721,raw1
2722,raynee
2723,rayxts
2724,raz
2725,rblbalka
2726,rdnzao
2727,reNIK
2728,reV3nnnn
2729,realz1n
2730,realzen
2731,reason
2732,reck
2733,red
2734,redi
2735,redzed
2736,redzy
2737,reezk
2738,refrezh
2739,regali
2740,regoshka
2741,reiko
2742,reizk
2743,rekonz
2744,relan
2745,relaxbtw
2746,relaxxie
2747,relentless
2748,remix
2749,remorse
2750,renatoohaxx
2751,rendY
2752,replay
2753,reversive
2754,revoltz
2755,rexoKIM
2756,rexxie
2757,reyoz
2758,rhittacrit
2759,rickangel
2760,righi
2761,rigoN
2762,rikon
2763,rikz
2764,rikzz-
2765,rilax
2766,rim3
2767,rinji
2768,rinn
2769,riskyb0b
2770,ritchiEE
2771,roGerzz
2772,robiin
2773,robo
2774,roca
2775,rocky
2776,roeJ
2777,rol3xxxx
2778,roman
2779,ronazk
2780,ropz
2781,rosoneriii
2782,roxesz
2783,roy
2784,roz
2785,ruan pablo
2786,rubeN
2787,rud
2788,rulz
2789,rw
2790,rx
2791,ryu
2792,rzk
2793,s-chilla
2794,s0ki
2795,s0und
2796,s1cko
2797,s1mple
2798,s1n
2799,s1non
2800,s1renaa
2801,s4ltovsk1yy
2802,sACEr
2803,sAvana1
2804,sFade8
2805,sL1m3
2806,sLZ
2807,sLowi
2808,sNx
2809,sSen
2810,saadzin
2811,sacrifice
2812,sad
2813,saffee
2814,sakamoto
2815,sakura
2816,salazar
2817,salmon
2818,samee
2819,sanT
2820,sanc
2821,sapphire
2822,sarenii
2823,sasha
2824,sathsea
2825,sausol
2826,sava9e
2827,sayN
2828,scar
2829,scarface
2830,sckrafft
2831,scolleN
2832,sdy
2833,seNsite
2834,seabraez
2835,seas
2836,segalla
2837,seized
2838,semtex
2839,senka
2840,sense
2841,sential
2842,sergelen19k
2843,serv0
2844,seziwana
2845,sh1geo
2846,sh1nejezzz
2847,sh1ro
2848,shadiy
2849,shady
2850,shalfey
2851,shane
2852,shateri
2853,sheezy
2854,shg
2855,shield
2856,shigeru
2857,shin
2858,shine
2859,shinobi
2860,shiny
2861,short
2862,showliana
2863,shoxs
2864,shrr
2865,shushan
2866,shutout
2867,shyearkmiu
2868,shyyne
2869,shz
2870,sideffect
2871,simke
2872,simpan
2873,singulier
2874,sinkie
2875,sinnopsyy
2876,sirah
2877,sirius
2878,siuhy
2879,sjN
2880,sjuush
2881,sk0R
2882,sk1tt
2883,skatora
2884,skcH
2885,skept1K
2886,skr
2887,skullz
2888,sky
2889,skyye
2890,sl3nd
2891,slarethef
2892,slash
2893,slashzz
2894,slaxejezzz
2895,slaxz-
2896,slayer
2897,sleepz0rk
2898,sliimey
2899,slinger
2900,slokkerR
2901,slomotion
2902,slump
2903,sm3t
2904,smF
2905,smekk-
2906,smiley
2907,smith
2908,smooya
2909,snapy
2910,snav
2911,snow
2912,snowiee
2913,snufaffu
2914,soloooS
2915,somebody
2916,sonqmad
2917,sorcerer
2918,sosya
2919,soulfly
2920,souz4h
2921,sowalio
2922,spamzzy
2923,spardaus
2924,spargo
2925,speed4k
2926,spike
2927,spinnie
2928,spira
2929,spirit
2930,splary
2931,splashske
2932,splawik
2933,spooke
2934,sprantos
2935,sprayxd
2936,spud
2937,sry
2938,sstiNiX
2939,ssu1taN
2940,st8cy
2941,stadodo
2942,stamina
2943,stanf1x
2944,stanislaw
2945,starDUST
2946,starplajerz
2947,statikS
2948,stavn
2949,stax
2950,stebbiC0C0
2951,steel
2952,sterling
2953,stesso
2954,sti
2955,stinx
2956,stormzyn
2957,story
2958,stressarN
2959,strix
2960,suNday
2961,sugaR
2962,suisha
2963,suki
2964,suma
2965,sunnypp
2966,suns1de
2967,sunshinez
2968,suonko
2969,supa
2970,supar
2971,superb666
2972,superflik
2973,supra
2974,suraniZ
2975,susp
2976,svemyy
2977,svyat
2978,swag
2979,swaggy
2980,swarmyzz
2981,swerzieN
2982,swetsi
2983,swicher
2984,swiftsteel
2985,swiiffter
2986,swiz
2987,sxdenly
2988,syncD
2989,synyx
2990,syph0
2991,syrsoN
2992,szejn
2993,szoszin
2994,t0kk
2995,t0mmyyy
2996,t1murj4N
2997,t3ns1on
2998,t4tty
2999,t9rnay
3000,tAk
3001,tBone
3002,tENZY
3003,tN1R
3004,tO0RO
3005,tOPZ
3006,tabseN
3007,tacitus
3008,tad
3009,taggy
3010,taidao
3011,takanashi
3012,taken
3013,tako
3014,talkzyn
3015,tamizinha
3016,tanxiaomei
3017,tarturb0b
3018,tasman
3019,tatazin
3020,tatm
3021,tein
3022,tele D
3023,teme
3024,tenweri
3025,tess
3026,tex1y
3027,tgN
3028,thamlike
3029,thecatt
3030,timeagento
3031,timid
3032,timo
3033,tinjau
3034,titulus
3035,tiziaN
3036,tlx
3037,toasty
3038,tock
3039,togs
3040,tohru
3041,tokkis
3042,tokuzo
3043,tom1jed
3044,tomaszin
3045,tomate
3046,tomiko
3047,tommy
3048,tonyblack
3049,topo
3050,torox
3051,tory
3052,torzsi
3053,toto
3054,toxsty
3055,tr1
3056,traekS
3057,treckiz
3058,tried
3059,trindade
3060,tripex17
3061,tripey
3062,tripp
3063,tristanxa
3064,trouto
3065,truth
3066,try
3067,tsug
3068,tsukimi
3069,tsukumeow
3070,tsutskam
3071,tucks
3072,turboxgirl
3073,tutehen
3074,tuxa
3075,tvs
3076,tweiss
3077,twenty3
3078,twist
3079,uDEADSHOT
3080,uhKelsie
3081,ujliana
3082,uli
3083,ultimate
3084,unknxwn
3085,unshaark
3086,upE
3087,urban0
3088,uulis
3089,v1spel
3090,v1trage
3091,v1w
3092,v1ze
3093,v3gee
3094,v4NO
3095,vAloN
3096,valde
3097,valencia
3098,valulu
3099,vanessa
3100,vanillaicey
3101,vanity
3102,vaq1337
3103,vein
3104,ven9
3105,venomzera
3106,verbal4buser
3107,versa
3108,vhs
3109,vicu
3110,vih
3111,vilga
3112,vin3
3113,vinaabEAST
3114,vincso
3115,vinhy
3116,violet
3117,viridian
3118,virree
3119,virtuoso
3120,viscera
3121,vision
3122,viz
3123,vlad
3124,vlady
3125,void
3126,volkjly
3127,volt
3128,voltera
3129,vsm
3130,vt0rnikk
3131,vzn
3132,w0mbat
3133,w0nderful
3134,w1
3135,w1dow
3136,w1nt3r
3137,w1sely
3138,w4rden
3139,wAwij
3140,wEAVER
3141,waZz
3142,wait
3143,walleN
3144,wallz1k
3145,warbringer
3146,wasiNk
3147,wave
3148,welnic
3149,weqt2
3150,wetfy
3151,wfn
3152,wh1teout
3153,whisper
3154,whsup
3155,wieenN
3156,wilj
3157,will1zera
3158,willi
3159,wipeout
3160,wist
3161,wiz
3162,woozzzi
3163,woxic
3164,wvfeun
3165,xJiNCh0
3166,xKacpersky
3167,xR4ze
3168,xReal
3169,xSpeed
3170,xam
3171,xartE
3172,xavi
3173,xc
3174,xdENiSZERA
3175,xeedo
3176,xelex
3177,xen
3178,xenization
3179,xerolte
3180,xertioN
3181,xetN
3182,xezr
3183,xfl0ud
3184,xiELO
3185,xia
3186,xiaosaGe
3187,xicoz
3188,xm1nd
3189,xnkka
3190,xns
3191,xonn1k
3192,xsany
3193,xsepower
3194,xseveN
3195,xuliana
3196,xureba
3197,yAmi
3198,ya talant
3199,yaankz
3200,yab0ku-
3201,yancher
3202,yato
3203,yc6
3204,yel
3205,yepz
3206,yiksrezo
3207,yilammm
3208,ykis
3209,yngsamurai
3210,yngtrxpstxr
3211,yoom
3212,yoshi
3213,youka
3214,yourwombat
3215,ysauro
3216,yuN
3217,yugo
3218,yuhuanKY
3219,yukitoro
3220,yungher
3221,yuramyata
3222,yuu
3223,yuurih
3224,yvro
3225,yxngstxr
3226,yz0
3227,z0mb1e
3228,z1Nny
3229,z1ayr
3230,z1egers
3231,z1k4
3232,z3ndeR
3233,z4kr
3234,z8z
3235,zAAz
3236,zEden
3237,zLNN
3238,z_nan
3239,zaNNN
3240,zaca
3241,zakarinh0
3242,zame
3243,zazzer
3244,zcuhn
3245,zdr
3246,zeRRoFIX
3247,zeak
3248,zealot
3249,zebra
3250,zed
3251,zede
3252,zeep
3253,zen
3254,zer0UKY
3255,zevy
3256,zewts
3257,zhoki
3258,zhokiNg
3259,zhuo9
3260,zitan
3261,zks
3262,zmb
3263,zock
3264,zock9
3265,zockie
3266,zodi
3267,zogeN
3268,zont1x
3269,zorte
3270,zqkS
3271,zs0lt1
3272,zteeek
3273,ztr
3274,zune
3275,zur1s
3276,zweih
3277,zy
3278,zyHan
3279,zykes
3280,zyme
3281,zypztw
